idx,URL,domain,raw_text_after,raw_text_before
0,https://www.factorybuys.com.au/products/euro-top-mattress-king,www.factorybuys.com.au,euro top mattress king,
1,https://dunlin.com.au/products/beadlight-cirrus,dunlin.com.au,beadlight cirrus,
2,https://themodern.net.au/products/hamar-plant-stand-ash,themodern.net.au,hamar plant stand ash,
3,https://furniturefetish.com.au/products/oslo-office-chair-white,furniturefetish.com.au,oslo office chair white,
4,https://hemisphereliving.com.au/products/,hemisphereliving.com.au,,
5,https://home-buy.com.au/products/bridger-pendant-larger-lamp-metal-brass,home-buy.com.au,bridger pendant larger lamp metal brass,
6,https://interiorsonline.com.au/products/interiors-online-gift-card,interiorsonline.com.au,interiors online gift card,
7,https://beckurbanfurniture.com.au/products/page/2/,beckurbanfurniture.com.au,page/2/,
8,https://livingedge.com.au/products/tables/dining,livingedge.com.au,tables/dining,
9,https://edenliving.online/collections/summerloving/products/nice-lounge-1,edenliving.online,nice lounge 1,collections/summerloving/
10,https://www.ourfurniturewarehouse.com.au/products/athens-3pce-lounge-includes-2x-armless-3-seater-and-corner-ottoman-in-grey-storm-fabric?_pos=1&_sid=9f9ca4320&_ss=r,www.ourfurniturewarehouse.com.au,athens 3pce lounge includes 2x armless 3 seater and corner ottoman in grey storm fabric,
11,https://cane-line.co.uk/collections/news-2020/products/breeze-sunbed-5569,cane-line.co.uk,breeze sunbed 5569,collections/news 2020/
12,https://haute-living.com/products/beam-desk,haute-living.com,beam desk,
13,https://www.knoll.com/design-plan/products/by-designer/knoll,www.knoll.com,by designer/knoll,design plan/
14,https://www.balirepublic.com.au/products/fabric-cleaner,www.balirepublic.com.au,fabric cleaner,
15,https://vastinterior.com.au/products/samson-daybed-single-2,vastinterior.com.au,samson daybed single 2,
16,https://www.hudsonfurniture.com.au/products/string-weave-timber-stool,www.hudsonfurniture.com.au,string weave timber stool,
17,https://premiumpatio.com.au/products/outdoor-tables/page/3/,premiumpatio.com.au,outdoor tables/page/3/,
18,https://dhfonline.com/products/gift-card,dhfonline.com,gift card,
19,https://furnish123watertown.com/products/,furnish123watertown.com,,
20,https://www.tandemarbor.com/products/kaiser-box-bed-blush-plush-velvet,www.tandemarbor.com,kaiser box bed blush plush velvet,
21,https://www.perchfurniture.com/products/hoyt-chair,www.perchfurniture.com,hoyt chair,
22,http://www.vawayside.net/store/products/tag/beds,www.vawayside.net,tag/beds,store/
23,https://curiousgrace.com.au/products/cleo-desk-lamp,curiousgrace.com.au,cleo desk lamp,
24,https://modshop1.com/collections/amalfi/products/amalfi-3-door-credenza,modshop1.com,amalfi 3 door credenza,collections/amalfi/
25,https://www.scandesign.com/products/pavia-sectional-ivory,www.scandesign.com,pavia sectional ivory,
26,https://www.sofamania.com/products/carl-victorian-inspired-velvet-button-detail-vanity-accent-stool,www.sofamania.com,carl victorian inspired velvet button detail vanity accent stool,
27,https://www.fentonandfenton.com.au/products/gift-card&media=http://cdn.shopify.com/s/files/1/1909/9637/products/GiftVouchers_Product_1024x1024.jpg&description=Gift%20Card%20%23Art-Lover%20%23Birthday%20%23Colour-Lover,www.fentonandfenton.com.au,gift card media GiftVouchers,//cdn.shopify.com/s/files/1/1909/9637/ 
28,https://4-chairs.com/products/mason-chair,4-chairs.com,mason chair,
29,https://www.theinside.com/products/x-bench-onyx-austin-stripe-by-old-world-weavers/PTM_XBench_OnyxAustinStripeByOldWorldWeavers,www.theinside.com,x bench onyx austin stripe by old world weavers/PTM,
30,https://stationfurniture.store/products/milano,stationfurniture.store,milano,
31,https://pinchdesign.com/products/yves-desk,pinchdesign.com,yves desk,
32,https://www.do-shop.com/products/gift-card,www.do-shop.com,gift card,
33,https://claytongrayhome.com/products/palecek-coco-ruffle-mirror,claytongrayhome.com,palecek coco ruffle mirror,
34,https://dfohome.com/products/patio-furniture/swings/all-swings,dfohome.com,patio furniture/swings/all swings,
35,https://acmeshelving.com/collections/signs/products/sale,acmeshelving.com,sale,collections/signs/
36,https://www.kmpfurniture.com/fire_collection/products/beds_80.html,www.kmpfurniture.com,beds,collection/
37,https://www.jseitz.com/products/buddha,www.jseitz.com,buddha,
38,https://www.furnitureworldgalleries.com/products/,www.furnitureworldgalleries.com,,
39,https://www.homekoncepts.com/products/furniture/tables/end-tables/,www.homekoncepts.com,furniture/tables/end tables/,
40,https://cityfurnitureshop.com/collections/greenington/products/azara-bed,cityfurnitureshop.com,azara bed,collections/greenington/
41,https://www.theguestroomfurniture.com/products/,www.theguestroomfurniture.com,,
42,https://www.danishinspirations.com/products/products/bedroom/page/3/,www.danishinspirations.com,products/bedroom/page/3/,
43,https://columbineshowroom.com/products/,columbineshowroom.com,,
44,https://emfurn.com/products/aaron-sofa,emfurn.com,aaron sofa,
45,https://fmvegas.com/products/carlo-dresser,fmvegas.com,carlo dresser,
46,https://nicoyafurniture.com.au/products/playa-bowl,nicoyafurniture.com.au,playa bowl,
47,https://galvinbrothers.co.uk/products/alfandbud,galvinbrothers.co.uk,alfandbud,
48,https://tyfinefurniture.com/products/enso-platform-bed,tyfinefurniture.com,enso platform bed,
49,https://24estyle.com/products/eliza-fan,24estyle.com,eliza fan,
50,https://shopspencerfurnituresiouxfalls.com/products/glass-lamp,shopspencerfurnituresiouxfalls.com,glass lamp,
51,https://bryantscountrystore.com/products/deli-sandwich-carryout,bryantscountrystore.com,deli sandwich carryout,
52,https://vincentdesign.com.au/products/spaltekanden-big-white,vincentdesign.com.au,spaltekanden big white,
53,https://magnolialane.biz/products/anika-cushion,magnolialane.biz,anika cushion,
54,https://blupeter.com.au/products/tulip-object,blupeter.com.au,tulip object,
55,https://www.cranmorehome.com.au/products/gift-card,www.cranmorehome.com.au,gift card,
56,https://www.vavoom.com.au/products/ebony-chest,www.vavoom.com.au,ebony chest,
57,https://www.goodwoodfurniture.com.au/products/wardrobes/colonial-robe/,www.goodwoodfurniture.com.au,wardrobes/colonial robe/,
58,https://valentinesfurniture.com.au/products/,valentinesfurniture.com.au,,
59,https://www.loungesplus.com.au/products/baird-fabric-lounge-package,www.loungesplus.com.au,baird fabric lounge package,
60,https://www.yellowleafhammocks.com/products/hammock-gift-card,www.yellowleafhammocks.com,hammock gift card,
61,https://asplundstore.se/products/fish-bricka,asplundstore.se,fish bricka,
62,https://distinctive-interiors.com/products/,distinctive-interiors.com,,
63,https://runyonsfinefurniture.com/products/alf-bar-stool,runyonsfinefurniture.com,alf bar stool,
64,https://www.comfortfurniture.com.sg/sale/products/office,www.comfortfurniture.com.sg,office,sale/
65,https://karladubois.com/products/wooster-convertible-crib,karladubois.com,wooster convertible crib,
66,https://brownsquirrelfurniture.com/furniture/rest-bedrooms/rest-beds/sleep-queen/products/laurel-sleigh/,brownsquirrelfurniture.com,laurel sleigh/,furniture/rest bedrooms/rest beds/sleep queen/
67,https://viesso.com/products/haru-bed,viesso.com,haru bed,
68,https://floydhome.com/products/the-floyd-hat,floydhome.com,the floyd hat,
69,https://www.mybudgetfurniture.com/products/3pc-sectional,www.mybudgetfurniture.com,3pc sectional,
70,https://www.fiveelementsfurniture.com/collections/sola-office-collection/products/sola-lift-desk,www.fiveelementsfurniture.com,sola lift desk,collections/sola office collection/
71,https://www.fads.co.uk/products/living/sofas/sofa-beds/,www.fads.co.uk,living/sofas/sofa beds/,
72,https://test-danish-inspirations.pantheonsite.io/products/products/bedroom/page/3/,test-danish-inspirations.pantheonsite.io,products/bedroom/page/3/,
73,https://www.hipvan.com/products/sleep-mattress?ref=nav_dropdown,www.hipvan.com,sleep mattress,
74,https://dev-danish-inspirations.pantheonsite.io/products/products/bedroom/page/3/,dev-danish-inspirations.pantheonsite.io,products/bedroom/page/3/,
75,https://houseofhollingsworthblog.com/products/locker,houseofhollingsworthblog.com,locker,
76,https://www.wardrobe-bunk-bed-sofa.uk/products/wardrobe-ava-4-3,www.wardrobe-bunk-bed-sofa.uk,wardrobe ava 4 3,
77,https://dwell.co.uk/products/sleep/type/bed/,dwell.co.uk,sleep/type/bed/,
78,https://www.hopewells.co.uk/products/living-dining/sofas-chairs/tetrad/tetrad-patna-chair,www.hopewells.co.uk,living dining/sofas chairs/tetrad/tetrad patna chair,
79,https://kokocollective.com.au/products/esme-natural-rattan-day-bed,kokocollective.com.au,esme natural rattan day bed,
80,https://www.timothyoulton.com/products/living/sectional-sofas,www.timothyoulton.com,living/sectional sofas,
81,https://www.warmnordic.com/global/products/news,www.warmnordic.com,news,global/
82,https://www.royaloakfurniture.co.uk/products/pop-bench,www.royaloakfurniture.co.uk,pop bench,
83,https://mulamu.com/products/membership,mulamu.com,membership,
84,http://www.genesisfurniturelv.com/products/,www.genesisfurniturelv.com,,
85,https://daufurniture.com/products/style/transitional/dana-upholstered-bed/,daufurniture.com,style/transitional/dana upholstered bed/,
86,https://www.waynesfinefurnitureandbedding.com/search/products/?s=power+recliners&pp=120,www.waynesfinefurnitureandbedding.com,,search/
87,https://theodores.com/products/,theodores.com,,
88,https://www.theoakfurnitureshop.com/products/country-trend-solid-oak-tv-stand-51/,www.theoakfurnitureshop.com,country trend solid oak tv stand 51/,
89,https://totalpatioaccessories.com/products/product07,totalpatioaccessories.com,product07,
90,https://www.groensfinefurniture.com/products/Miscellaneous/misc/394554.html,www.groensfinefurniture.com,Miscellaneous/misc/394554.html,
91,https://yesterdaystreefurniture.com/products/gifts/,yesterdaystreefurniture.com,gifts/,
92,https://www.jensen-lewis.com/products/guardsman-gold-complete-plan,www.jensen-lewis.com,guardsman gold complete plan,
93,https://www.popandscott.com/products/raffia-sun,www.popandscott.com,raffia sun,
94,https://shophorne.com/products/sarpaneva-cast-iron-casserole,shophorne.com,sarpaneva cast iron casserole,
95,https://cultdesign.co.nz/products/molloy-chair,cultdesign.co.nz,molloy chair,
96,https://www.gloster.com/en/products/materials/teak,www.gloster.com,materials/teak,en/
97,https://thebrick.com/products/tacoma-chest,thebrick.com,tacoma chest,
98,https://capsulehome.com/products/frey-sofa'%3EFrey%20Sofa%3C/a%3E%20and%20I%20wanted%20to%20share%20it%20with%20you,capsulehome.com,frey sofa,
99,https://www.altamodafurniture.com/products/Woodworks/ca_ww/3701npt.html,www.altamodafurniture.com,Woodworks/ca,
100,https://www.normann-copenhagen.com/en/en/products/tivoli/lamps/toli-lamp--20-cm-eu-5005028,www.normann-copenhagen.com,tivoli/lamps/toli lamp 20 cm eu 5005028,en/en/
101,https://www.gowfb.com/products/patio-set-covers,www.gowfb.com,patio set covers,
102,https://allwoodfurn.com/products/group-119-rustic-two-tone-gathering-table-and-barstools,allwoodfurn.com,group 119 rustic two tone gathering table and barstools,
103,https://decorum-shop.co.uk/products/gift-card-10-25-50-100,decorum-shop.co.uk,gift card 10 25 50 100,
104,https://lostine.com/products/jack-chairs,lostine.com,jack chairs,
105,https://designkollective.com/stores/woodlandcreek/products/76623,designkollective.com,76623,stores/woodlandcreek/
106,https://www.somedaydesigns.co.uk/products/muuto-tip-lamp?variant=513748041743,www.somedaydesigns.co.uk,muuto tip lamp,
107,https://www.mainecottage.com/collections/workspace/products/big-cay-desk,www.mainecottage.com,big cay desk,collections/workspace/
108,https://pawleysislandhammocks.com/products/swings/rope,pawleysislandhammocks.com,swings/rope,
109,https://homeresource.com/products/series-7-chair&media=http://cdn.shopify.com/s/files/1/1170/0268/products/Series-7-ann-1423601841_1024x1024.jpeg&description=Series%207%20Chair%20%23Chairs,homeresource.com,series 7 chair media Series 7 ann 1423601841,//cdn.shopify.com/s/files/1/1170/0268/ 
110,https://www.antoninimodernliving.com/products/,www.antoninimodernliving.com,,
111,https://www.shorehousefurniture.com/products/Rowe-Furniture/rowe/c396sect.html,www.shorehousefurniture.com,Rowe Furniture/rowe/c396sect.html,
112,https://www.jandjtreasuretrove.net/apps/webstore/products/show/8098794,www.jandjtreasuretrove.net,show/8098794,apps/webstore/
113,https://www.idcmn.com/products/sun-company-861013-queen-bed&source=webclient,www.idcmn.com,sun company 861013 queen bed webclient,
114,https://calligarisla.com/products/living/sofas/metro/minimal-and-contemporary-modular-sofa,calligarisla.com,living/sofas/metro/minimal and contemporary modular sofa,
115,https://stealasofa.com/products/isla-gray-fabric-sectional-sofa-4249,stealasofa.com,isla gray fabric sectional sofa 4249,
116,https://urbanfurnishing.net/products/5a-rio,urbanfurnishing.net,5a rio,
117,https://vancouverwoodworks.com/products/aamerica-wslcb5091,vancouverwoodworks.com,aamerica wslcb5091,
118,https://www.kannoa.com/products/lipa-barstool,www.kannoa.com,lipa barstool,
119,https://furnitureoutletnc.com/products/deluxe-full-mattress,furnitureoutletnc.com,deluxe full mattress,
120,https://www.furnituremarts.com/products/gallery-home.aspx,www.furnituremarts.com,gallery home.aspx,
121,https://osmen.com.au/products/customize-cushion,osmen.com.au,customize cushion,
122,https://www.stevenshellliving.com/products/piccolo-jug,www.stevenshellliving.com,piccolo jug,
123,https://www.thefurnituremegastore.co.uk/products/noir-80x180-cm-wall-mirror,www.thefurnituremegastore.co.uk,noir 80x180 cm wall mirror,
124,https://contempoconcepts.com/products/winndom-berkeley-iii?_pos=1&_sid=362e09ca2&_ss=r,contempoconcepts.com,winndom berkeley iii,
125,https://eurolivingfurniture.com/products/746-writing-desk,eurolivingfurniture.com,746 writing desk,
126,https://www.efurnitureny.com/products/wardrobes-and-closets/wardrobe-closet-and-armoires,www.efurnitureny.com,wardrobes and closets/wardrobe closet and armoires,
127,https://sarahellison.com.au/collections/all/products/muse,sarahellison.com.au,muse,collections/all/
128,https://oakspecialists.com/products/bedroom/beds/63/,oakspecialists.com,bedroom/beds/63/,
129,https://midinmod.com/products/vendetta-bookcase%20via%20@https://twitter.com/midinmod?lang=en,midinmod.com,vendetta bookcase 20via 20,
130,https://www.unclaimed-furniture.com/products/Standard-Furniture/stand/11406.html,www.unclaimed-furniture.com,Standard Furniture/stand/11406.html,
131,http://www.kis-lv.com/Products/products.html,www.kis-lv.com,,
132,https://wayborn.com/products/,wayborn.com,,
133,https://www.bovafurniture.com/products/office/desks/page/2/,www.bovafurniture.com,office/desks/page/2/,
134,https://hauslondon.com/products/gift-card,hauslondon.com,gift card,
135,https://allworldfurniture.com/products/sallie-stool&via=http://www.twitter.com/alworldfurnitur&text=Euro%20Style%20Sallie%20Accent%20Stool,allworldfurniture.com,sallie stool via,
136,https://decorium.us/products/costa-adjustable-barstool,decorium.us,costa adjustable barstool,
137,https://www.softsquare.com/collections/usm-haller/products/usm-haller-media-o1,www.softsquare.com,usm haller media o1,collections/usm haller/
138,https://www.rockymountain.furniture/products/jofran/15003.html,www.rockymountain.furniture,jofran/15003.html,
139,https://www.statewidefurniture.com/products/Ashley-Furniture/ashley/1010494.html,www.statewidefurniture.com,Ashley Furniture/ashley/1010494.html,
140,https://huckandpeck.com/products/gift-card,huckandpeck.com,gift card,
141,https://najarianfurniture.com/products/roma-sofa-pebble,najarianfurniture.com,roma sofa pebble,
142,https://qualitywoods.com/products/qw-amish-mckee-6pc-dining-set?variant=31793708105810,qualitywoods.com,qw amish mckee 6pc dining set,
143,https://mybossfurniture.com/products/tullis-2&via=&text=Tullis%20Cream/Navy/Gray%20Medium%20Rug,mybossfurniture.com,tullis 2 via text Tullis 20Cream/Navy/Gray 20Medium 20Rug,
144,https://www.furnish123quadcities.com/search/products/?s=36505,www.furnish123quadcities.com,,search/
145,https://americanbackyard.com/products/gift-card,americanbackyard.com,gift card,
146,https://www.roccityfurniture.com/products/abney-4pc-set/,www.roccityfurniture.com,abney 4pc set/,
147,https://www.sutherlandfurniture.com/collections/quick-ship/products/franck-sofa-quickship,www.sutherlandfurniture.com,franck sofa quickship,collections/quick ship/
148,https://craftassociatesfurniture.com/products/craft-associates-wool-lounge-chairs-1519,craftassociatesfurniture.com,craft associates wool lounge chairs 1519,
149,https://huset-shop.com/products/gift-card,huset-shop.com,gift card,
150,https://www.scotmeachamwoodhome.com/products/hodges-tweed,www.scotmeachamwoodhome.com,hodges tweed,
151,https://www.espasso.com/products/tearsheet/1815,www.espasso.com,tearsheet/1815,
152,https://sika-design.com/products/belladonna-nature,sika-design.com,belladonna nature,
153,https://www.dimshome.com/products/eave-desk,www.dimshome.com,eave desk,
154,https://thebellacottage.com/products/barrel-bar,thebellacottage.com,barrel bar,
155,https://www.skandium.com/products/ch24-soft,www.skandium.com,ch24 soft,
156,https://www.woodwaves.com/products/gray-floating-tv-stand-entertainment-center-eco-geo-lakewood,www.woodwaves.com,gray floating tv stand entertainment center eco geo lakewood,
157,https://sjotime.com/products/notch-desk,sjotime.com,notch desk,
158,https://www.puji.com/www.puji.com/products/urban-industrial-bistro-dining-table,www.puji.com,urban industrial bistro dining table,
159,https://littlepartners.com/products/bentwood,littlepartners.com,bentwood,
160,https://jeremiahcollection.com/products/record-storage-console,jeremiahcollection.com,record storage console,
161,https://www.shoptorious.com/products/nova-domus-jagger-modern-dark-grey-walnut-bedroom-set,www.shoptorious.com,nova domus jagger modern dark grey walnut bedroom set,
162,https://thefinestore.com/products/gift-card,thefinestore.com,gift card,
163,http://oot-oot.com/products/,oot-oot.com,,
164,https://lorfords.com/collections/the-armchair-collection/products/the-bayswater-armchair,lorfords.com,the bayswater armchair,collections/the armchair collection/
165,https://www.arighibianchi.co.uk/collections/new-in-homepage/products/birds-coat-rack,www.arighibianchi.co.uk,birds coat rack,collections/new in homepage/
166,https://idlehands.design/products/page/2/,idlehands.design,page/2/,
167,https://www.diyfurniturestore.com/products/inside-out,www.diyfurniturestore.com,inside out,
168,https://pastperfect.sg/products/,pastperfect.sg,,
169,https://bastilleandsons.com.au/products/ottoman-leo,bastilleandsons.com.au,ottoman leo,
170,https://classicwithatwist.com.au/products/1900-bench,classicwithatwist.com.au,1900 bench,
171,https://apato.com.au/products/work/kobo-st-desk/,apato.com.au,work/kobo st desk/,
172,https://thewoodroom.com.au/products/take-me-back,thewoodroom.com.au,take me back,
173,https://thebanyantree.com.au/products/gift-card,thebanyantree.com.au,gift card,
174,https://ardoutdoor.com/products/,ardoutdoor.com,,
175,https://hauserstores.com/products/mesa-sofa?view=product-alt,hauserstores.com,mesa sofa,
176,https://boahaus.com/products/boahaus-urban-dressing-table,boahaus.com,boahaus urban dressing table,
177,https://tabularasa-furniture.com/collections/frontpage/products/ohmm-fiesta,tabularasa-furniture.com,ohmm fiesta,collections/frontpage/
178,https://livingbydesign.net.au/products/sorensen-teak-bench-seat-dining,livingbydesign.net.au,sorensen teak bench seat dining,
179,https://www.living-home.co.uk/products/58-07-valencia-side-table,www.living-home.co.uk,58 07 valencia side table,
180,https://relm.com.au/products/,relm.com.au,,
181,https://www.harpersproject.com/products/marble-stool,www.harpersproject.com,marble stool,
182,https://www.morningstartrading.ca/pages/products/recycled-treasures-consignment-pieces/hidden-treasure,www.morningstartrading.ca,recycled treasures consignment pieces/hidden treasure,pages/
183,https://www.bellus.com/products/,www.bellus.com,,
184,https://www.hatihome.com/products/lounge-cane,www.hatihome.com,lounge cane,
185,https://www.meta44.com/products/homeland,www.meta44.com,homeland,
186,https://modernkomfort.ca/products/glen,modernkomfort.ca,glen,
187,https://www.aarniooriginals.com/collections/shop/products/pony,www.aarniooriginals.com,pony,collections/shop/
188,https://chansfurniture.com/products/copy-of-42-tennant-brand-modern-style-beatrice-bathroom-sink-vanity-tb-9433-v42-wenge-color,chansfurniture.com,copy of 42 tennant brand modern style beatrice bathroom sink vanity tb 9433 v42 wenge color,
189,https://alasaw.com/products/sample-box,alasaw.com,sample box,
190,https://hedgehousefurniture.com/products/windsor-bed,hedgehousefurniture.com,windsor bed,
191,http://www.mountainteak.com/products/designer-teak-furniture/,www.mountainteak.com,designer teak furniture/,
192,https://www.lestudiolum.com/us/products/textiles/throws/,www.lestudiolum.com,textiles/throws/,us/
193,https://www.ameriwoodhome.com/Products/Storage/All/,www.ameriwoodhome.com,,
194,https://www.homeandstyle.com.sg/products/richmond-sofa-grey,www.homeandstyle.com.sg,richmond sofa grey,
195,https://shop.vanillawood.com/products/plume-wallpaper,shop.vanillawood.com,plume wallpaper,
196,http://modliving.com.ph/products/,modliving.com.ph,,
197,https://curiocavern.ph/products/cow-skull,curiocavern.ph,cow skull,
198,https://www.mossmanilahome.com/products/,www.mossmanilahome.com,,
199,https://oakforless.com/products/gift-card,oakforless.com,gift card,
200,https://www.castlery.com/products/spot-shelf,www.castlery.com,spot shelf,
201,https://www.getmycouch.com/collections/sofa/products/sofa-sectional-bed-fn-gmc-008237,www.getmycouch.com,sofa sectional bed fn gmc 008237,collections/sofa/
202,https://www.castlery.com.au/products/mico-stool?quantity=1,www.castlery.com.au,mico stool,
203,https://homestreethome.ie/products/zinc-tray,homestreethome.ie,zinc tray,
204,https://nazzek.myshopify.com/products/wooden-coffee-table,nazzek.myshopify.com,wooden coffee table,
205,https://www.myconcept.com.hk/products/moo,www.myconcept.com.hk,moo,
206,https://newforestrusticfurniture.co.uk/products/rustic-ruler-height-chart,newforestrusticfurniture.co.uk,rustic ruler height chart,
207,https://www.starliving.com.sg/products/heather-armchair,www.starliving.com.sg,heather armchair,
208,https://vauntdesign.com/products/forna-plant-stand-small,vauntdesign.com,forna plant stand small,
209,https://www.langria.com/products/laptop-desk-cart,www.langria.com,laptop desk cart,
210,https://www.kolocollection.com/collections/lounging/products/bentley-sofa-in-oyster-weave,www.kolocollection.com,bentley sofa in oyster weave,collections/lounging/
211,https://asianteakfurniture.com/products/bali-teak-bench-atf388,asianteakfurniture.com,bali teak bench atf388,
212,https://furnitica-vinova.myshopify.com/products/enim-donec-pede,furnitica-vinova.myshopify.com,enim donec pede,
213,https://jordanshome.ca/products/blue-vase,jordanshome.ca,blue vase,
214,https://mikazahome.ca/products/page/4/,mikazahome.ca,page/4/,
215,https://barnabylane.com.au/products/spensley-tan,barnabylane.com.au,spensley tan,
216,https://urbangalleria.com/products/rowan-pod-swing,urbangalleria.com,rowan pod swing,
217,https://www.modernfurniture.com.au/collections/on-sale/products/vision-suspended-sunbed,www.modernfurniture.com.au,vision suspended sunbed,collections/on sale/
218,https://www.granitelane.com.au/products/flourish-print,www.granitelane.com.au,flourish print,
219,https://teak-furniture-singapore.com/products/sweden-side-table,teak-furniture-singapore.com,sweden side table,
220,https://teak-warehouse-sale.com/products/tws889lt-000-ta-lp,teak-warehouse-sale.com,tws889lt 000 ta lp,
221,https://www.countrysideamishfurniture.com/products/home-entertainment-centers/all/P40,www.countrysideamishfurniture.com,home entertainment centers/all/P40,
222,https://www.modishstore.com/products/twos-company-sunburst-antiqued-gold-wall-mirror,www.modishstore.com,twos company sunburst antiqued gold wall mirror,
223,https://www.stylemyhome.com.au/products/regency-three-drawer-chest,www.stylemyhome.com.au,regency three drawer chest,
224,https://loft-theme-demo-nashville.myshopify.com/products/black-chair,loft-theme-demo-nashville.myshopify.com,black chair,
225,https://teakco.com/products/amsterdam-2-drawer-bedside-table-tek168bs-002-ta,teakco.com,amsterdam 2 drawer bedside table tek168bs 002 ta,
226,https://www.skovby.com/en-gb/products/tv-cabinets/skovby-86,www.skovby.com,tv cabinets/skovby 86,en gb/
227,https://boulevardoutdoorfurniture.com/products/surin-lounge-set,boulevardoutdoorfurniture.com,surin lounge set,
228,https://big-sale-furniture.com/products/amsterdam-bench-150-x-35-be-150-35-ta,big-sale-furniture.com,amsterdam bench 150 x 35 be 150 35 ta,
229,https://taktcph.com/products/,taktcph.com,,
230,https://www.blackmango.com.au/products/gift-card,www.blackmango.com.au,gift card,
231,https://jnmhome.ca/products/kuma-artwork,jnmhome.ca,kuma artwork,
232,https://candb.ca/products/10-gel-memory-foam-mattress,candb.ca,10 gel memory foam mattress,
233,https://www.oopenspace.com/products/nova-3,www.oopenspace.com,nova 3,
234,http://gharwakhri.com/Products/Bed-Room,gharwakhri.com,,
235,https://thonet.co.nz/products/all,thonet.co.nz,all,
236,https://www.nigbursfinefurniture.com/products/,www.nigbursfinefurniture.com,,
237,https://brownandbeam.com/products/hunts-pouf,brownandbeam.com,hunts pouf,
238,https://furniturestoresalemoregon.com/products/amish-furniture/style-your-own-syo/,furniturestoresalemoregon.com,amish furniture/style your own syo/,
239,https://www.dengiloutdoorfurniture.com/products/sofa-sets/rattan-sofa-sets/,www.dengiloutdoorfurniture.com,sofa sets/rattan sofa sets/,
240,https://taeillo.com/products/ada,taeillo.com,ada,
241,https://birba.co.za/products/elkay-coffee-table-with-black-resign-line-detail,birba.co.za,elkay coffee table with black resign line detail,
242,https://zenchair.co.za/products/galileo-backrest-for-outdoors,zenchair.co.za,galileo backrest for outdoors,
243,https://ubikhome.co.za/products/ada-tv-stand,ubikhome.co.za,ada tv stand,
244,https://vintage-etc.com/products/tabeni-coat-stand,vintage-etc.com,tabeni coat stand,
245,https://www.youngath-art.com/products/free-gift-with-every-kids-bed-purchase,www.youngath-art.com,free gift with every kids bed purchase,
246,https://www.hamac-shop.be/products/hamac-brasil-xxl-vert,www.hamac-shop.be,hamac brasil xxl vert,
247,https://www.masayacompany.com/collections/featured/products/wood-leather-ottoman,www.masayacompany.com,wood leather ottoman,collections/featured/
248,https://ikonitaly.com/products/minimaproject-chieut-table,ikonitaly.com,minimaproject chieut table,
249,https://arkaliving.com/products/african-palm-woven-chair,arkaliving.com,african palm woven chair,
250,https://www.cmphouse.com/products/huntington%E2%84%A2-8pc-patio-sofa-and-lounge-chair-set,www.cmphouse.com,huntington E2 84 A2 8pc patio sofa and lounge chair set,
251,https://inliving.com/products/,inliving.com,,
252,https://www.oakvillage.co.uk/products/woburn-painted-wine-rack%20via%20@//twitter.com/oakvillage,www.oakvillage.co.uk,woburn painted wine rack 20via 20,
253,https://waltercox.co.uk/products/,waltercox.co.uk,,
254,https://davidsfurniture.com/collections/quick-ship-furniture/products/craftmaster-bang-bang-sofa,davidsfurniture.com,craftmaster bang bang sofa,collections/quick ship furniture/
255,http://www.diamondfurniturepremier.com/products/,www.diamondfurniturepremier.com,,
256,https://www.fdxonline.com/en/en/products/chaise-lounge-by-dfn,www.fdxonline.com,chaise lounge by dfn,en/en/
257,https://www.212concept.com/products/ikon-sofa,www.212concept.com,ikon sofa,
258,https://www.stacksfurniture.co.nz/products/rapaki3seatsofa-fog,www.stacksfurniture.co.nz,rapaki3seatsofa fog,
259,https://vintagehomeboutique.ca/products/zinolin-teak-oil,vintagehomeboutique.ca,zinolin teak oil,
260,https://bydesignmodern.com/products/dining-chairs-314-080,bydesignmodern.com,dining chairs 314 080,
261,https://www.couchpotatocompany.com/collections/best-sellers/products/ro-armchair,www.couchpotatocompany.com,ro armchair,collections/best sellers/
262,https://www.bfelix.com/products/lanceros-sofa,www.bfelix.com,lanceros sofa,
263,https://mueblesitaliano.ph/products/,mueblesitaliano.ph,,
264,https://www.laura-james.co.uk/products/coffee-table-corona,www.laura-james.co.uk,coffee table corona,
265,https://emesfurnishop.co.uk/products/ivo-wardrobe,emesfurnishop.co.uk,ivo wardrobe,
266,https://mossgardenhome.com/products/woodland-puzzle,mossgardenhome.com,woodland puzzle,
267,https://www.amcfurniture.co.uk/products/1-6m-loui-dining-table-with-4-nicole-chairs,www.amcfurniture.co.uk,1 6m loui dining table with 4 nicole chairs,
268,https://timelessdesign.com.my/products/l-a-lcw-lounge-chair,timelessdesign.com.my,l a lcw lounge chair,
269,https://atomi.shop/products/wallpaper,atomi.shop,wallpaper,
270,https://www.houzzconcept.com.au/products/ino-sideboard,www.houzzconcept.com.au,ino sideboard,
271,https://lesa.com.my/website2019/products/living/,lesa.com.my,living/,website2019/
272,https://kenittifurniture.com/products/tv-cabinet-mn681,kenittifurniture.com,tv cabinet mn681,
273,https://www.mfdesign.com.my/collections/sales-05/products/mf-design-sofa-3-seater-sales-05,www.mfdesign.com.my,mf design sofa 3 seater sales 05,collections/sales 05/
274,https://nyfurnitureoutlets.com/products/acme-furniture-versailles-classic-bed-king,nyfurnitureoutlets.com,acme furniture versailles classic bed king,
275,https://www.mydiscountmalta.com/products/mdm-wardrobe,www.mydiscountmalta.com,mdm wardrobe,
276,http://www.muuduufurniture.com/products/frame-material/wood/,www.muuduufurniture.com,frame material/wood/,
277,https://ifurnituresupply.com/products/spray-adhesive,ifurnituresupply.com,spray adhesive,
278,https://lazysusansusa.com/products/ls-16-myr-16-inches-in-diameter,lazysusansusa.com,ls 16 myr 16 inches in diameter,
279,https://www.pacificlifestyledecor.com/products/outdoor-patio-pool-and-garden-wicker-storage-box,www.pacificlifestyledecor.com,outdoor patio pool and garden wicker storage box,
280,https://www.willowcreekteak.com/products/8pc-venice,www.willowcreekteak.com,8pc venice,
281,https://www.furnitureworldsaskatoon.com/products/,www.furnitureworldsaskatoon.com,,
282,https://hklivingusa.com/products/marble-terrazzo-board-multi-color,hklivingusa.com,marble terrazzo board multi color,
283,https://foxwoodmerchants.com/products/v-table-need-info,foxwoodmerchants.com,v table need info,
284,https://scenicdecor.ca/products/grasshopper-storage-bin,scenicdecor.ca,grasshopper storage bin,
285,https://rusticcraft.ca/products/rocking-chair,rusticcraft.ca,rocking chair,
286,https://rusteak.com/products/sofa,rusteak.com,sofa,
287,https://www.ambersfurniture.com/products/win-table,www.ambersfurniture.com,win table,
288,https://fredericksgallery.ca/collections/bars/products/sonoma-695-064,fredericksgallery.ca,sonoma 695 064,collections/bars/
289,https://www.18karatstore.com/collections/new/products/argea,www.18karatstore.com,argea,collections/new/
290,https://mesasilla.ca/products/,mesasilla.ca,,
291,https://www.herashome.com/products/462,www.herashome.com,462,
292,https://minimalandmodern.ca/products/moes-home-collection-raw-city-at-large-wp-1105-37,minimalandmodern.ca,moes home collection raw city at large wp 1105 37,
293,https://www.equilibriumfurnishings.com/products/abby-walnut-credenza,www.equilibriumfurnishings.com,abby walnut credenza,
294,https://htinteriors.ca/products/cross-bench,htinteriors.ca,cross bench,
295,https://designhouse.com/products/pig-bank,designhouse.com,pig bank,
296,https://mildanmarket.com/products/bling-mirror-30,mildanmarket.com,bling mirror 30,
297,https://varkoa.com/products/sven-chair,varkoa.com,sven chair,
298,https://treaclegeorge.com/products/gift-voucher,treaclegeorge.com,gift voucher,
299,http://veranda.com.au/products/#outdoor-anchor,veranda.com.au,,
300,https://syscomseatings.com/products/workstation-manufacturers-bangalore/tile/,syscomseatings.com,workstation manufacturers bangalore/tile/,
301,https://www.50-online.com/products/wooden-house-ornament,www.50-online.com,wooden house ornament,
302,http://thomsonfurnitureonline.com/products/,thomsonfurnitureonline.com,,
303,http://www.bycollage.com/products/?product_tag=flux,www.bycollage.com,,
304,https://boneinlayhome.com.au/products/bone-inlay-french-drawers-floral-grey,boneinlayhome.com.au,bone inlay french drawers floral grey,
305,https://www.insaraf.com/products/solid-wood-coasters,www.insaraf.com,solid wood coasters,
306,https://homedesignstoreflorida.com/products/rebecca-bed-king-size,homedesignstoreflorida.com,rebecca bed king size,
307,https://www.lakkadhaara.com/products/sheesham-made-wooden-khat,www.lakkadhaara.com,sheesham made wooden khat,
308,https://www.kid2youth.in/products/duo-ergonomic-chair,www.kid2youth.in,duo ergonomic chair,
309,https://www.nsquarestudio.com/products/odin-bedside-table,www.nsquarestudio.com,odin bedside table,
310,https://lovenlight.eu/products/page/3/,lovenlight.eu,page/3/,
311,http://www.komodromos.com.cy/products/special-offers/page/2/,www.komodromos.com.cy,special offers/page/2/,
312,https://bedesign.fi/products/gift-card,bedesign.fi,gift card,
313,https://scanteak.com.sg/products/apen-bookcase,scanteak.com.sg,apen bookcase,
314,https://www.elementsconcept.com.sg/collections/lighting/products/light-shade,www.elementsconcept.com.sg,light shade,collections/lighting/
315,http://roomyroom.com/collections/writing-table/products/french-riviera-paris-3-drawer-desk-rmy238,roomyroom.com,french riviera paris 3 drawer desk rmy238,collections/writing table/
316,https://www.finnavenue.com/products/carrara-round-dining-table,www.finnavenue.com,carrara round dining table,
317,https://singaporetradingpost.com/products/decorative-white-carved-console,singaporetradingpost.com,decorative white carved console,
318,https://singapore-furniture-sale.com/products/naples-teak-coffee-table-40x60x100-sfs638ct-000-ta,singapore-furniture-sale.com,naples teak coffee table 40x60x100 sfs638ct 000 ta,
319,https://www.ministryofchair.com/products/cushion-lapland,www.ministryofchair.com,cushion lapland,
320,https://1outdoorfurniture.com/products/asmund-outdoor-console-table-with-2-sink-set-1tf168inx-console-table-2-sink-set,1outdoorfurniture.com,asmund outdoor console table with 2 sink set 1tf168inx console table 2 sink set,
321,https://wholesaleclassicfurniture.com/products/lyon-french-victorian-lamp-table-bedside-timber-bedside-table-white-wcf168bs-101-pn-wh_1,wholesaleclassicfurniture.com,lyon french victorian lamp table bedside timber bedside table white wcf168bs 101 pn wh,
322,https://www.novena.com.sg/collections/stayhome-collection-for-immediate-delivery/products/altas-dining-set-solid-wood,www.novena.com.sg,altas dining set solid wood,collections/stayhome collection for immediate delivery/
323,https://taylorbdesign.com/products/hb-1441,taylorbdesign.com,hb 1441,
324,https://houseofanli.com/products/gift-card,houseofanli.com,gift card,
325,https://hemma.sg/products/flower-planter?_pos=1&_sid=7be5737ba&_ss=r,hemma.sg,flower planter,
326,https://wholesaleteakcompany.com/collections/frontpage/products/sonoma-los-angeles-mirror-back-teak-glass-display-cabinet-wtc288dc-200-mr-pnm,wholesaleteakcompany.com,sonoma los angeles mirror back teak glass display cabinet wtc288dc 200 mr pnm,collections/frontpage/
327,https://www.bibliotek.co/collections/featured/products/bird-oak-large,www.bibliotek.co,bird oak large,collections/featured/
328,https://warehaus.sg/products/boris-chair,warehaus.sg,boris chair,
329,https://home99.sg/products/l-shape-half-leather-sofa-lp860,home99.sg,l shape half leather sofa lp860,
330,https://hmezsofa.sg/products/marble-tray,hmezsofa.sg,marble tray,
331,https://www.nookandcranny.com/products/valda-sofa,www.nookandcranny.com,valda sofa,
332,https://www.vetrohome.com/products/dice-sofa,www.vetrohome.com,dice sofa,
333,https://www.gowanusfurniture.com/www.gowanusfurniture.com/products/class-make-your-own-custom-cutting-board,www.gowanusfurniture.com,class make your own custom cutting board,
334,https://epilog.co.id/products/telephone-box,epilog.co.id,telephone box,
335,https://gingerjarfurniture.com/products/page/3/,gingerjarfurniture.com,page/3/,
336,https://solidaustin.com/products/cooks-sofa,solidaustin.com,cooks sofa,
337,https://alteriors.ca/collections/herman-miller/products/nelson-saucer-bubble-lamp,alteriors.ca,nelson saucer bubble lamp,collections/herman miller/
338,http://www.italiafurniture.com/products/ellis-dining-collection,www.italiafurniture.com,ellis dining collection,
339,https://onske.co.uk/products/gift-card,onske.co.uk,gift card,
340,https://ilrestaurato.com/products/chrome-counter-bar-stools-1970s,ilrestaurato.com,chrome counter bar stools 1970s,
341,https://www.eurohausfurniture.com/products/novaluna-parigi-platform-bed,www.eurohausfurniture.com,novaluna parigi platform bed,
342,https://www.ultimateliving.co.nz/products/adam,www.ultimateliving.co.nz,adam,
343,https://www.rimufurniture.co.nz/products/riviera-1900-hutch-2/,www.rimufurniture.co.nz,riviera 1900 hutch 2/,
344,https://www.zavedo.nz/collections/wall-hooks/products/soho-hook-50,www.zavedo.nz,soho hook 50,collections/wall hooks/
345,https://polini.co.nz/products/changing-table-polini-simple-1080-white,polini.co.nz,changing table polini simple 1080 white,
346,https://basefurniture.co.nz/products/pegboard,basefurniture.co.nz,pegboard,
347,https://www.hammockshop.co.nz/products/childrens-hammock-chair,www.hammockshop.co.nz,childrens hammock chair,
348,https://www.attichomestore.co.nz/products/maori-hand-carved-wooden-taiha,www.attichomestore.co.nz,maori hand carved wooden taiha,
349,https://urban-beach.co.nz/products/sofa-mica?view=quick,urban-beach.co.nz,sofa mica,
350,https://countrylife.co.nz/commerce/products/2890977554284032/?rt=9&referral_code=page_shop_tab&ref=page_shop_tab,countrylife.co.nz,2890977554284032/,commerce/
351,https://www.jardin.co.nz/clearance/products/costa-chair-~-verbena/,www.jardin.co.nz,costa chair,clearance/
352,https://www.corcovado.co.nz/products/the-corcovado-kea-sofa,www.corcovado.co.nz,the corcovado kea sofa,
353,https://www.lujo.co.nz/products/bean-bag-hook,www.lujo.co.nz,bean bag hook,
354,https://www.lujoliving.com/products/bean-bag-hook,www.lujoliving.com,bean bag hook,
355,https://www.shopden-la.com/products/single-metal-grated-pendant-lamp-by-the-feldman-company,www.shopden-la.com,single metal grated pendant lamp by the feldman company,
356,https://wrightsfurnitures.com/products/,wrightsfurnitures.com,,
357,https://bohovalley.com.au/products/fern-daybed,bohovalley.com.au,fern daybed,
358,https://www.lounj.com.au/products/kiki-carver-chair,www.lounj.com.au,kiki carver chair,
359,https://sofasandmore.co.nz/products/entertainment-unit-tv-unit,sofasandmore.co.nz,entertainment unit tv unit,
360,https://australianchildrensfurniture.com.au/products/modular-sectional-unit,australianchildrensfurniture.com.au,modular sectional unit,
361,https://www.bandhinidesign.com/products/norway,www.bandhinidesign.com,norway,
362,https://www.case22.com.au/products/moooi-chess-table,www.case22.com.au,moooi chess table,
363,https://www.kwikshopnship.com.au/products/rede-de-dormir-hammock,www.kwikshopnship.com.au,rede de dormir hammock,
364,https://modernhomefurniture.com.au/products/albert-sofa,modernhomefurniture.com.au,albert sofa,
365,https://nestz.com.au/products/classic-chess-board,nestz.com.au,classic chess board,
366,https://kubekfurniture.com/products/pearl-day-bed&title=Pearl%20Day%20Bed%20-%20Reserve%20one%20from%20June/July%20stock%20with%20just%20a%20deposit%20-%20CONTACT%20US,kubekfurniture.com,pearl day bed Pearl 20Day 20Bed 20 20Reserve 20one 20from 20June/July 20stock 20with 20just 20a 20deposit 20 20CONTACT 20US,
367,https://www.koernerfurniture.com/products/La-Z-Boy/lazboy/010563.html,www.koernerfurniture.com,La Z Boy/lazboy/010563.html,
368,https://razoutlets.com/products/table-lamp,razoutlets.com,table lamp,
369,https://all3loops.com/products/personalized-coozies,all3loops.com,personalized coozies,
370,https://augustusbrandt.co.uk/products/seating-2/204315/,augustusbrandt.co.uk,seating 2/204315/,
371,https://www.konfoliving.com/products/miami-bean-bag-chair,www.konfoliving.com,miami bean bag chair,
372,https://www.zipchair.com/products/stealth-recliner-with-boston-bruins-logo,www.zipchair.com,stealth recliner with boston bruins logo,
373,https://gousesfurniture.com/products/,gousesfurniture.com,,
374,https://maximahouse.com/products/denver-tv-set,maximahouse.com,denver tv set,
375,https://www.conceptuscollection.com/products/kyu-dining-chair,www.conceptuscollection.com,kyu dining chair,
376,https://woodaction.com/products/folding-wardrobe,woodaction.com,folding wardrobe,
377,https://homesteadfurniturebc.com/products/zane-bedroom-collection-please-contact-us-for-black-friday-pricing&via=hsfbc&text=Zane%20Bedroom%20Collection,homesteadfurniturebc.com,zane bedroom collection please contact us for black friday pricing via hsfbc text Zane 20Bedroom 20Collection,
378,https://popstrukt.com/products/steel-shelf-standard,popstrukt.com,steel shelf standard,
379,https://dkmodernfurniture.com/products/novah-desks?variant=20650194534470,dkmodernfurniture.com,novah desks,
380,https://woodtribe.co.nz/products/wood-framed-signs,woodtribe.co.nz,wood framed signs,
381,https://www.project82.com.au/products/palermo-rug-by-armadilloampco,www.project82.com.au,palermo rug by armadilloampco,
382,http://position-collective.com/skill/products/,position-collective.com,,skill/
383,https://www.jaimesfurniture.com/products/junior-beds-1,www.jaimesfurniture.com,junior beds 1,
384,https://driftingwood.in/products/driftingwood-room-garden-love-folding-table-black,driftingwood.in,driftingwood room garden love folding table black,
385,https://studioydesign.ca/products/ontario-classic-storage-bed,studioydesign.ca,ontario classic storage bed,
386,https://pure-patio.com/products/braxton-bar-arm-chair,pure-patio.com,braxton bar arm chair,
387,https://jubileefurniturelv.com/products/anette-modern-leather-bed,jubileefurniturelv.com,anette modern leather bed,
388,https://www.madebyhame.com/products/ladder,www.madebyhame.com,ladder,
389,https://www.skyhomedecor.com/collections/kids/products/the-rug-market-doodle-71287-area-rug,www.skyhomedecor.com,the rug market doodle 71287 area rug,collections/kids/
390,https://interiorsinvogue.com/products/side-sofa-table-silver-finish-har189,interiorsinvogue.com,side sofa table silver finish har189,
391,https://elegantoak.co.uk/products/abbert-5ft-bed,elegantoak.co.uk,abbert 5ft bed,
392,https://emvy.gr/products/,emvy.gr,,
393,https://em-say.com/products/gift-card,em-say.com,gift card,
394,https://rileysrealwood.com/products/detail/magnistretch-12,rileysrealwood.com,detail/magnistretch 12,
395,https://www.allaboutproduct.net/products/live-edge-86-metal-base-dining-table-with-matching-2-chairs-1-bench,www.allaboutproduct.net,live edge 86 metal base dining table with matching 2 chairs 1 bench,
396,https://rigersfitness.com/products/professional-wooden-rocker-balance-board,rigersfitness.com,professional wooden rocker balance board,
397,https://houseofdurante.co.uk/products/libra-bronze-boar-sculpture,houseofdurante.co.uk,libra bronze boar sculpture,
398,https://shop-ames-interiors.com/products/gift-card,shop-ames-interiors.com,gift card,
399,https://www.royalgarden.com/products/russel-4pc-seating-set,www.royalgarden.com,russel 4pc seating set,
400,https://ezzo.co.uk/collections/home-page-products/products/garret-3-seat-sofa,ezzo.co.uk,garret 3 seat sofa,collections/home page
401,https://homedesires.com/products/gift-card,homedesires.com,gift card,
402,https://sakhome.co.uk/collections/best-sellers-1/products/bibi-candle-holder-rouge,sakhome.co.uk,bibi candle holder rouge,collections/best sellers 1/
403,https://www.astellahrela.com/products/narla-tray,www.astellahrela.com,narla tray,
404,https://huxlo.co.uk/products/desk,huxlo.co.uk,desk,
405,https://centralcoastfurniture.com/collections/desks/products/lewis-desk,centralcoastfurniture.com,lewis desk,collections/desks/
406,https://mandai-design.com/products/led-einbaustrahler-boston-downlight,mandai-design.com,led einbaustrahler boston downlight,
407,https://www.furnituresales.com.au/products/200573469,www.furnituresales.com.au,200573469,
408,https://www.jarrahmarri.com.au/products/corner-tv-unit,www.jarrahmarri.com.au,corner tv unit,
409,https://www.henryandoliverco.com/products/gift-vouchers,www.henryandoliverco.com,gift vouchers,
410,https://outonthepatio.com.au/products/aria,outonthepatio.com.au,aria,
411,https://avehome.com/products/aria-desk,avehome.com,aria desk,
412,https://elephanthead.co.uk/products/colourful-markers-cushion-cover,elephanthead.co.uk,colourful markers cushion cover,
413,https://www.mantrafurnishings.com/products/5285-01-chair,www.mantrafurnishings.com,5285 01 chair,
414,https://www.coolstuffandaccessories.com/products/white-wood-dining-table,www.coolstuffandaccessories.com,white wood dining table,
415,https://thecooldepot.com/products/3d-cement-wall-planter,thecooldepot.com,3d cement wall planter,
416,https://ifortifi.ca/products/pl103,ifortifi.ca,pl103,
417,https://denvermodern.com/products/chula-outdoor-rug,denvermodern.com,chula outdoor rug,
418,https://famgizmo.co.uk/products/1800w-log-burning-flame-effect-stove-electric-fire-heater-fireplace-standing,famgizmo.co.uk,1800w log burning flame effect stove electric fire heater fireplace standing,
419,https://www.interiorliving.ca/products/elaine-chair-1,www.interiorliving.ca,elaine chair 1,
420,https://www.bbdgstore.com/products/bed-pillows,www.bbdgstore.com,bed pillows,
421,https://french-classic-furniture.com/products/french-round-back-dining-chair-white-fcf688ch-000-rd-qa-wh_1,french-classic-furniture.com,french round back dining chair white fcf688ch 000 rd qa wh,
422,https://habitekshop.com/products/model-5-oak,habitekshop.com,model 5 oak,
423,https://homeandpatioliving.com/products/mib,homeandpatioliving.com,mib,
424,https://www.savetheplanetfurniture.com/products/lantern-silver-cube,www.savetheplanetfurniture.com,lantern silver cube,
425,https://www.greensladesfurniture.co.nz/collections/rugs/products/nebraska-floor-rug-ash,www.greensladesfurniture.co.nz,nebraska floor rug ash,collections/rugs/
426,https://www.loomlan.com/collections/modern-furniture-sofa-loveseat-tufted-leather-blue-velvet/products/dean-92-california-casual-sofa,www.loomlan.com,dean 92 california casual sofa,collections/modern furniture sofa loveseat tufted leather blue velvet/
427,https://plankandpipe.co.uk/products/copper-pipe-clothes-hanger-hooks,plankandpipe.co.uk,copper pipe clothes hanger hooks,
428,https://www.pizzazzhub.com.au/products/4-tier-tv-media-stand,www.pizzazzhub.com.au,4 tier tv media stand,
429,https://www.polyteakoutdoor.com/products/polyteak-curved-outdoor-rocking-chair,www.polyteakoutdoor.com,polyteak curved outdoor rocking chair,
430,https://www.souk.co.nz/products/sumatra-chair%20via%20@https://twitter.com/Souk_Collective,www.souk.co.nz,sumatra chair 20via 20,
431,https://modholic.com/products/tulip-bar-table,modholic.com,tulip bar table,
432,https://walkeredisonshop.com/products/jackson-slat-entry-table,walkeredisonshop.com,jackson slat entry table,
433,https://stylefurniture.com.sg/products/lucas-armchair,stylefurniture.com.sg,lucas armchair,
434,https://www.walteralice.com/products/wool-alpaca-poly-blend-check-fireside-chair?variant=8105538551900,www.walteralice.com,wool alpaca poly blend check fireside chair,
435,https://veroabode.com/products/adjustable-vintage-retro-rustic-bar-stool,veroabode.com,adjustable vintage retro rustic bar stool,
436,https://www.kotihome.com.au/collections/tv/products/new-devanti-40-inch-smart-led-tv-2k-full-hd-lcd-slim-screen-black,www.kotihome.com.au,new devanti 40 inch smart led tv 2k full hd lcd slim screen black,collections/tv/
437,https://www.novomodern.com/products/avenue-chair,www.novomodern.com,avenue chair,
438,https://yoyo.co.nz/products/yoyo-gift-voucher,yoyo.co.nz,yoyo gift voucher,
439,https://newstartfurniture.com.au/products/4-four-poster-king-bed-frame,newstartfurniture.com.au,4 four poster king bed frame,
440,https://workspaceluxe.com.au/products/6ixty-zine-desk,workspaceluxe.com.au,6ixty zine desk,
441,https://www.newleafupcycled.com.au/products/rustic-shabby-chic-bookcase,www.newleafupcycled.com.au,rustic shabby chic bookcase,
442,https://www.thedesignedit.com.au/products/daria-cushion,www.thedesignedit.com.au,daria cushion,
443,https://www.therusticfurniturestore.com/products/global-floor-lamp,www.therusticfurniturestore.com,global floor lamp,
444,https://dormahome.com/products/seaford-shelf-black,dormahome.com,seaford shelf black,
445,https://www.paetry.com/products/catalina-chair,www.paetry.com,catalina chair,
446,https://panana.co.uk/products/3-seater-sofa-bed,panana.co.uk,3 seater sofa bed,
447,https://mahliainteriors.com.au/collections/mothers-day-15-off-sale/products/bone-inlay-floral-box-black,mahliainteriors.com.au,bone inlay floral box black,collections/mothers day 15 off sale/
448,https://reclaimedcharm.co/products/2-day-designs-dartboard-cabinet,reclaimedcharm.co,2 day designs dartboard cabinet,
449,https://luxstreet.com.au/collections/outdoor/products/whitehaven-dining-chair-white-frame-white-wicker-seat,luxstreet.com.au,whitehaven dining chair white frame white wicker seat,collections/outdoor/
450,https://choufani.com/products/primavera-bed,choufani.com,primavera bed,
451,https://copperbarnhome.com/products/gift-card,copperbarnhome.com,gift card,
452,https://wazofurniture.com/collections/sofa/products/grant-blue-fabric-sofa,wazofurniture.com,grant blue fabric sofa,collections/sofa/
453,https://www.ofo.com.au/products/hanging-pod-chair,www.ofo.com.au,hanging pod chair,
454,https://www.unitedoutdoorfurniture.com.au/products/scarlett-indoor-timber-buffet-sideboard%20via%20@https://twitter.com/UnitedHouse1,www.unitedoutdoorfurniture.com.au,scarlett indoor timber buffet sideboard 20via 20,
455,https://www.furniturecontracts.com.au/products/,www.furniturecontracts.com.au,,
456,https://www.innerspace.net.au/products/STOOLS-5414,www.innerspace.net.au,STOOLS 5414,
457,https://www.generalstorefurniture.com.au/products/design-customise-your-own-timber-dining-table,www.generalstorefurniture.com.au,design customise your own timber dining table,
458,https://www.simpli-home.com/products/braxton-desk,www.simpli-home.com,braxton desk,
459,https://americanwholesalefurniturewi.com/products/,americanwholesalefurniturewi.com,,
460,https://www.mykahome.com.au/products/zee-back-cushion,www.mykahome.com.au,zee back cushion,
461,https://mrnanyang.com/products/cushioned-soft-leather-chair,mrnanyang.com,cushioned soft leather chair,
462,https://www.naturalgeo.com/products/natural-geo-jasmine-modern-wavy-abstract-gray-black-area-rug,www.naturalgeo.com,natural geo jasmine modern wavy abstract gray black area rug,
463,https://home-evolution.com/products/one-storys-not-enough/,home-evolution.com,one storys not enough/,
464,https://hamptonsstyle.com.au/products/hamptons-style-gift-card,hamptonsstyle.com.au,hamptons style gift card,
465,https://www.henkalab.com/products/kaona-table,www.henkalab.com,kaona table,
466,https://www.bilberry-furniture.co.uk/products/test,www.bilberry-furniture.co.uk,test,
467,https://bostonwoods.co.za/products/kr3-pedestal,bostonwoods.co.za,kr3 pedestal,
468,https://www.blockandchisel.co.za/products/special-features/promotion-53,www.blockandchisel.co.za,special features/promotion 53,
469,https://humelabamerica.com/products/clea,humelabamerica.com,clea,
470,https://sghomefurnishing.com/collections/study-room/products/alvise-working-desk,sghomefurnishing.com,alvise working desk,collections/study room/
471,https://bydesigntexas.com/products/bdimargo%E2%84%A2-5229-media-cabinet-6-colors?_pos=1&_sid=81298bf3f&_ss=r,bydesigntexas.com,bdimargo E2 84 A2 5229 media cabinet 6 colors,
472,https://furnitureshop.net/products/curvy-chair,furnitureshop.net,curvy chair,
473,https://www.mooradians.com/products/?filter_brand=fairfield-chair-company,www.mooradians.com,,
474,https://rawmaterials.eu/products/acaciawood-curved-wall-shelf-80-cm,rawmaterials.eu,acaciawood curved wall shelf 80 cm,
475,https://grandads-shed.com/products/daintree-mugs,grandads-shed.com,daintree mugs,
476,https://popularstores.co.za/products/te-6011,popularstores.co.za,te 6011,
477,https://lavida-furniture.com/products/lua,lavida-furniture.com,lua,
478,https://mydesignrepublic.com/collections/all/products/antika-rug,mydesignrepublic.com,antika rug,collections/all/
479,https://www.alwaysabargain.co.uk/products/talladale-3-over-4-chest-of-drawers,www.alwaysabargain.co.uk,talladale 3 over 4 chest of drawers,
480,https://mintffe.com.au/products/,mintffe.com.au,,
481,https://mikisew.ca/products/futon-mattress,mikisew.ca,futon mattress,
482,https://modernityvintage.com/products/wilhelm-renz-metamorphic-coffee-table,modernityvintage.com,wilhelm renz metamorphic coffee table,
483,https://mybellas.com/products/paolo-bench,mybellas.com,paolo bench,
484,https://www.smallspaceplus.com/products/scube,www.smallspaceplus.com,scube,
485,https://limitedabode.co.uk/products/pink-art,limitedabode.co.uk,pink art,
486,https://shabbystore.co.uk/products/the-ritz-bed%20via%20@https://twitter.com/ShabbyStore,shabbystore.co.uk,the ritz bed 20via 20,
487,https://welcometohome.com.au/products/peyton,welcometohome.com.au,peyton,
488,https://www.totemroad.com/products/gift-card,www.totemroad.com,gift card,
489,https://allstatefurniturenj.com/products/bayonne-bedroom-collection,allstatefurniturenj.com,bayonne bedroom collection,
490,https://whataroom.com/collections/new-arrival-rugs/products/arsene-r3475-aqu000,whataroom.com,arsene r3475 aqu000,collections/new arrival rugs/
491,http://www.odinlifestyle.com/products/collections/tyr/,www.odinlifestyle.com,collections/tyr/,
492,https://perfectforthehome.co.uk/collections/occasional/products/maison-velvet-chair,perfectforthehome.co.uk,maison velvet chair,collections/occasional/
493,https://penelopesgarden.us/products/cbd-starter-kit-save-5,penelopesgarden.us,cbd starter kit save 5,
494,https://www.wrights-furniture.com/products/La-Z-Boy/lazboy/440521.html,www.wrights-furniture.com,La Z Boy/lazboy/440521.html,
495,https://jeffjonesfurniture.net/products/Ashley-Furniture/ashley/b69746.html,jeffjonesfurniture.net,Ashley Furniture/ashley/b69746.html,
496,https://www.klinnerfurniture.com/products/simmons/beautysleepdauphinislandtighttopplushking.html,www.klinnerfurniture.com,simmons/beautysleepdauphinislandtighttopplushking.html,
497,https://www.lastersfurniture.com/products/surya/a10858.html,www.lastersfurniture.com,surya/a10858.html,
498,https://www.grainwoodfurniture.com/products/shaker-twin-panel-platform-bed,www.grainwoodfurniture.com,shaker twin panel platform bed,
499,https://davishomefurniture.com/products/office/desk/,davishomefurniture.com,office/desk/,
500,https://idsfurniture.com/categories/563349/simon/products/sim-s-ch/simon-side-chair,idsfurniture.com,sim s ch/simon side chair,categories/563349/simon/
501,https://www.byronbayhangingchairs.com.au/products/weekender,www.byronbayhangingchairs.com.au,weekender,
502,https://www.homebarsusa.com/products/howard-miller-niagara-bar-693-001,www.homebarsusa.com,howard miller niagara bar 693 001,
503,https://www.wellhunghammocks.com/products/mexican-hammock,www.wellhunghammocks.com,mexican hammock,
504,https://nofred.com/products/wall-bug,nofred.com,wall bug,
505,https://brisbanefurniture.com.au/products/linear-desk,brisbanefurniture.com.au,linear desk,
506,https://midcenturymasters.com/products/sculptural-ebonized-credenza-with-silver-leafed-front,midcenturymasters.com,sculptural ebonized credenza with silver leafed front,
507,https://primrosehomeware.co.uk/products/pulley-clothes-airer-5-lath,primrosehomeware.co.uk,pulley clothes airer 5 lath,
508,https://www.ledecostyle.com/collections/featured-products/products/1970s-sputnik-suspension-lamp-made-in-murano-in-star-form,www.ledecostyle.com,1970s sputnik suspension lamp made in murano in star form,collections/featured
509,https://www.classic2modern.com/products/100-sofa,www.classic2modern.com,100 sofa,
510,https://www.mrandmrswhite.net/products/gift-card-2,www.mrandmrswhite.net,gift card 2,
511,https://www.theimporter.co.nz/products/bookshelf-rosewood,www.theimporter.co.nz,bookshelf rosewood,
512,https://galaxiemodern.com/products/jens-risom-sofa,galaxiemodern.com,jens risom sofa,
513,https://www.theteakplace.com.au/products/garden-bench-cushions,www.theteakplace.com.au,garden bench cushions,
514,https://opulencehome.com/products/lucas-leather-chair,opulencehome.com,lucas leather chair,
515,https://www.mymoderndecor.com/sales@mymoderndecor.com/products/slim-bookcase-800923,www.mymoderndecor.com,slim bookcase 800923,mymoderndecor.com/
516,https://circa60.com/products/mid-century-modern-walnut-hanging-floating-cabinet&text=Mid%20Century%20Modern%20Walnut%20HANGING%20%20/%20FLOATING%20CABINET,circa60.com,mid century modern walnut hanging floating cabinet text Mid 20Century 20Modern 20Walnut 20HANGING 20 20/ 20FLOATING 20CABINET,
517,https://www.stil.ie/products/butterfly-stool,www.stil.ie,butterfly stool,
518,https://www.elanfurniturecorp.com/products/elan-furniture-port-indoor-60-bench%20via%20@//twitter.com/elanfurniture,www.elanfurniturecorp.com,elan furniture port indoor 60 bench 20via 20,
519,https://thecountryfurniture.com/products/sequoia,thecountryfurniture.com,sequoia,
520,https://lamporia.com/products/tbl4229a,lamporia.com,tbl4229a,
521,https://reecefurniture.com/products/jonkoping-sofa,reecefurniture.com,jonkoping sofa,
522,https://ulfertskids.com/products/rectangle-6,ulfertskids.com,rectangle 6,
523,https://www.turquoise.co.uk/collections/walnut/products/walnut-glass-dining-table-h1096,www.turquoise.co.uk,walnut glass dining table h1096,collections/walnut/
524,https://www.thecurious.mx/collections/products/products/arcos-chair,www.thecurious.mx,products/arcos chair,collections/
525,https://www.prestige-affairs.com/products/wishbone-y-chair,www.prestige-affairs.com,wishbone y chair,
526,https://www.patiocottage.com/collections/patio-chairs/products/back-pack-chair,www.patiocottage.com,back pack chair,collections/patio chairs/
527,https://vanspecial.com/products/self-planner,vanspecial.com,self planner,
528,https://www.smithmade.com.au/products/spargo-armchair,www.smithmade.com.au,spargo armchair,
529,https://www.wbjamieson.com/products/string-system,www.wbjamieson.com,string system,
530,https://theoutdoorpatiostore.com/products/gazebo-8x8,theoutdoorpatiostore.com,gazebo 8x8,
531,https://www.eventsuber.com/products/resin-folding-chairs-vinyl-pad&text=1000%20lb.%20Capacity%20Resin%20Folding%20Chair%20w/%20Vinyl%20Padded%20Seat,www.eventsuber.com,resin folding chairs vinyl pad text 1000 20lb. 20Capacity 20Resin 20Folding 20Chair 20w/ 20Vinyl 20Padded 20Seat,
532,https://www.canvasinteriors.com/collections/rugs/products/lia,www.canvasinteriors.com,lia,collections/rugs/
533,https://www.autonomousfurniture.com/collections/frontpage/products/pod11-1,www.autonomousfurniture.com,pod11 1,collections/frontpage/
534,https://parliamentinteriors.com/products/accessories-and-decor,parliamentinteriors.com,accessories and decor,
535,https://www.sunshinefurniture.com.au/products/albert-sofa,www.sunshinefurniture.com.au,albert sofa,
536,https://www.bbfurniturestore.co.uk/products/sareer-3000-pocket-sprung-mattress,www.bbfurniturestore.co.uk,sareer 3000 pocket sprung mattress,
537,https://baskdesign.com/collections/new-products/products/social-1,baskdesign.com,social 1,collections/new
538,https://elinahome.com/products/18-x-18-inch-satin-napkins-rhinestone-napkin-rings-party-supplies-christmas-decorations-wedding-birthday-baby-shower,elinahome.com,18 x 18 inch satin napkins rhinestone napkin rings party supplies christmas decorations wedding birthday baby shower,
539,https://finditstyleithome.com.au/products/dahlia-mirror-gold-1,finditstyleithome.com.au,dahlia mirror gold 1,
540,https://medleyhome.com/products/ridge-accent-chair,medleyhome.com,ridge accent chair,
541,https://www.modernisedliving.com.au/products/3-sets-tank-pots-grey,www.modernisedliving.com.au,3 sets tank pots grey,
542,https://shop.humblecrew.com/products/lucky-theory-metal-chair,shop.humblecrew.com,lucky theory metal chair,
543,https://www.simplyfurnishing.co.uk/products/4kids-1-door-desk-mobile-with-lemon-handles,www.simplyfurnishing.co.uk,4kids 1 door desk mobile with lemon handles,
544,https://uniqwafurniture.com.au/collections/decorative-decor/products/bwindi-wall-art,uniqwafurniture.com.au,bwindi wall art,collections/decorative decor/
545,https://woodshopfogoisland.ca/products/bertha-chair,woodshopfogoisland.ca,bertha chair,
546,https://profilesny.com/collections/art/products/bleach-scarf,profilesny.com,bleach scarf,collections/art/
547,https://www.hanaleyinteriors.co.uk/products/page/3/,www.hanaleyinteriors.co.uk,page/3/,
548,https://www.thefurniturefactory.org.uk/products/warwick-dining-set,www.thefurniturefactory.org.uk,warwick dining set,
549,http://mollanbros.co.uk/products/page/4/,mollanbros.co.uk,page/4/,
550,https://atouchoffurniture.co.uk/products/alton-3-seat-sofa,atouchoffurniture.co.uk,alton 3 seat sofa,
551,https://tiger-oak.com/products/skovby-portable-bar,tiger-oak.com,skovby portable bar,
552,https://www.georgestreet.co.uk/products/e1-flush-3-light-ceiling-light/,www.georgestreet.co.uk,e1 flush 3 light ceiling light/,
553,https://www.needlerock.co.uk/products/chairs,www.needlerock.co.uk,chairs,
554,https://jordansinteriors.ca/products/park-slope-desk,jordansinteriors.ca,park slope desk,
555,http://camerich-bd.com/products/,camerich-bd.com,,
556,https://coastalhomecollective.com.au/products/wooden-tray,coastalhomecollective.com.au,wooden tray,
557,https://bestfurniture.co.nz/products/linea-sideboard,bestfurniture.co.nz,linea sideboard,
558,https://www.imfurniturestore.com/products/sofa,www.imfurniturestore.com,sofa,
559,https://pastoesales.com/products/vision-sideboard-5,pastoesales.com,vision sideboard 5,
560,https://lexiconhome.com/products/h181000a70wh&via=&text=Chai%20Accent%20Chest%20w/%20Mirror%20Door,lexiconhome.com,h181000a70wh via text Chai 20Accent 20Chest 20w/ 20Mirror 20Door,
561,https://www.soleilcollective.com/collections/beds/products/driade-edward-i-double-panel-bed,www.soleilcollective.com,driade edward i double panel bed,collections/beds/
562,https://www.valaray.com/collections/all/products/scandormi-sofa,www.valaray.com,scandormi sofa,collections/all/
563,https://empirefurniture.co.nz/products/recliner-lounge-suite,empirefurniture.co.nz,recliner lounge suite,
564,https://adona.in/products/adona-adonica-fusion-king-bed-plywood,adona.in,adona adonica fusion king bed plywood,
565,https://timleveson.shop/products/nico-sofa-1750-urban,timleveson.shop,nico sofa 1750 urban,
566,https://shop.gubi.com/products/epic-dining-table,shop.gubi.com,epic dining table,
567,https://nativelifestyle.co.uk/products/cons-cesar01,nativelifestyle.co.uk,cons cesar01,
568,https://gibsonpatioshop.com/products/index.html,gibsonpatioshop.com,index.html,
569,https://hoomefurniture.com/products/page/2/,hoomefurniture.com,page/2/,
570,https://www.thenineschools.co.uk/collections/trunk/products/oriental-decorated-blue-trunk,www.thenineschools.co.uk,oriental decorated blue trunk,collections/trunk/
571,https://us.alexandrallewellyn.com/products/leaf,us.alexandrallewellyn.com,leaf,
572,https://yourpatiostore.com/products/zara-loveseat,yourpatiostore.com,zara loveseat,
573,https://bohincstudio.com/collections/vases/products/jupiter-vase,bohincstudio.com,jupiter vase,collections/vases/
574,https://austinleathergallerytx.com/products/,austinleathergallerytx.com,,
575,https://www.idealfurnishings.co.uk/products/amsterdam-double-bedstead,www.idealfurnishings.co.uk,amsterdam double bedstead,
576,https://www.villalane.com.au/products/gift-card,www.villalane.com.au,gift card,
577,https://ingoodcompany.com.au/collections/new-arrivals/products/kuru-bowl-ceramic-37cm-grey,ingoodcompany.com.au,kuru bowl ceramic 37cm grey,collections/new arrivals/
578,https://rutherford-romaguera2611.myshopify.com/products/teddy-rug%20via%20@//twitter.com/undergrndmedia,rutherford-romaguera2611.myshopify.com,teddy rug 20via 20,
579,http://olgunstore.com/en/products/sleeping-products/toppers/,olgunstore.com,sleeping products/toppers/,en/
580,https://www.saladinostyle.com/products/nature,www.saladinostyle.com,nature,
581,https://finelinefurnitureandaccessories.com/products/colosso-woven-neoprene-hand-knotted-basket,finelinefurnitureandaccessories.com,colosso woven neoprene hand knotted basket,
582,https://bungalowfurniture.com/products/bath-mat,bungalowfurniture.com,bath mat,
583,https://ajnaliving.com/products/provence-sofa,ajnaliving.com,provence sofa,
584,https://camerichseattle.com/products/rugs/,camerichseattle.com,rugs/,
585,https://www.countrytime.ca/products/,www.countrytime.ca,,
586,https://domedeco.us/categories/639951/carpets/products/zu140200{slash}an/woolen-carpet-_singlequotes_zubair_singlequotes_,domedeco.us,zu140200 slash an/woolen carpet,categories/639951/carpets/
587,https://donar.si/products/collodi,donar.si,collodi,
588,https://foldsmart.co.uk/collections/frontpage/products/deep-double-bookcase,foldsmart.co.uk,deep double bookcase,collections/frontpage/
589,https://foreverfurniture.ca/products/living/palliser-furniture/india-leather-sofa,foreverfurniture.ca,living/palliser furniture/india leather sofa,
590,https://www.gblfurniture.com/products/provence-1door-cabinet,www.gblfurniture.com,provence 1door cabinet,
591,https://sigmanmills.com/products/gift-card,sigmanmills.com,gift card,
592,https://www.thechesterfieldshop.com/products/sofas/,www.thechesterfieldshop.com,sofas/,
593,https://westbridgefurniturestoke.co.uk/products/view/890,westbridgefurniturestoke.co.uk,view/890,
594,https://zulufurniture.com/products/posh,zulufurniture.com,posh,
595,https://www.hopperstudio.com/products/sofia-nightstand,www.hopperstudio.com,sofia nightstand,
596,https://furnituremaddness.com/products/l-shape-leather-lounge,furnituremaddness.com,l shape leather lounge,
597,https://suncoastsitra.shoptiqstore.com.sg/products/footstool&media=https://cdn.store-assets.com/s/257913/i/8659911_480x.jpeg&description=Footstool,suncoastsitra.shoptiqstore.com.sg,footstool media,
598,https://www.therejectshop.sg/products/page/3,www.therejectshop.sg,page/3,
599,https://www.angliarecliners.co.uk/products/swan/,www.angliarecliners.co.uk,swan/,
600,https://www.centralliving.co.uk/products/vik-desk-chair,www.centralliving.co.uk,vik desk chair,
601,http://www.furnimax.co.uk/products/more-sleep-cadiz-double-complete-set/,www.furnimax.co.uk,more sleep cadiz double complete set/,
602,http://www.makebuildmend.co.uk/products/,www.makebuildmend.co.uk,,
603,https://headandhaft.co.uk/products/tir,headandhaft.co.uk,tir,
604,https://hilaryandflo.co.uk/products/nice-print,hilaryandflo.co.uk,nice print,
605,https://pepegarden.co.uk/products/erica-park-bench,pepegarden.co.uk,erica park bench,
606,https://pinchdesign.co.uk/products/emil,pinchdesign.co.uk,emil,
607,https://www.sartra.co.uk/products/beaufort-large-oak-tv-unit,www.sartra.co.uk,beaufort large oak tv unit,
608,https://shannonsales.co.uk/products/special-offers/special-offers-and-sale-items/,shannonsales.co.uk,special offers/special offers and sale items/,
609,https://settlehome.co.uk/products/double-pair-of-triple-pinch-pleat-curtains-in-zoffany,settlehome.co.uk,double pair of triple pinch pleat curtains in zoffany,
610,https://www.simplyhammocks.co.uk/collections/new-products/products/denim-hammock,www.simplyhammocks.co.uk,denim hammock,collections/new
611,https://www.solidoakfurniture.co.uk/products/beds.html,www.solidoakfurniture.co.uk,beds.html,
612,https://tiffanyjayne.co.uk/products/small-hooks,tiffanyjayne.co.uk,small hooks,
613,https://www.whytesofcrossgar.co.uk/products/otto-accent-chair,www.whytesofcrossgar.co.uk,otto accent chair,
614,https://glenwoodfurnishings.co.uk/collections/dining-room/products/cambridge-dining-set,glenwoodfurnishings.co.uk,cambridge dining set,collections/dining room/
615,https://furniturebylauren.co.uk/products/mayfair-bedroom/,furniturebylauren.co.uk,mayfair bedroom/,
616,https://thefurniture-house.co.uk/products/new-grey-recliner-sofa,thefurniture-house.co.uk,new grey recliner sofa,
617,https://lloydloom-uk.co.uk/products/ellwood,lloydloom-uk.co.uk,ellwood,
618,https://www.dillamores.co.uk/products/claremont-two-seater-sherborne/,www.dillamores.co.uk,claremont two seater sherborne/,
619,https://www.royalcraft.co.uk/products/ascot-shed-2,www.royalcraft.co.uk,ascot shed 2,
620,https://www.fireandco.co.uk/products/fire,www.fireandco.co.uk,fire,
621,https://www.askewsfurniture.co.uk/products/disposal-of-old-mattress,www.askewsfurniture.co.uk,disposal of old mattress,
622,https://www.theattikstannes.co.uk/products/stunning-mid-century-vintage-teak-portwood-sideboard-credenza-1205,www.theattikstannes.co.uk,stunning mid century vintage teak portwood sideboard credenza 1205,
623,http://andywilx.co.uk/collections/cushions/products/dreaming-cushion,andywilx.co.uk,dreaming cushion,collections/cushions/
624,https://www.bridgnorthfurniture.co.uk/products/verona-chair,www.bridgnorthfurniture.co.uk,verona chair,
625,https://britishhomeinteriors.co.uk/products/mirrored-fireplace,britishhomeinteriors.co.uk,mirrored fireplace,
626,http://davidmoura.co.uk/products/eight-light-antler-chandelier,davidmoura.co.uk,eight light antler chandelier,
627,https://www.theurbaneditions.com/products/marston-wide-desk-on-minimalist-square-legs,www.theurbaneditions.com,marston wide desk on minimalist square legs,
628,http://furniture4lettings.co.uk/../products/sofas/,furniture4lettings.co.uk,sofas/,../
629,https://furnituredirectonline.co.uk/products/page/2/,furnituredirectonline.co.uk,page/2/,
630,https://furniturevilla.co.uk/products/living-room-furniture/desk,furniturevilla.co.uk,living room furniture/desk,
631,https://www.grandadsshedbrigg.co.uk/products/living/east-indies-living/,www.grandadsshedbrigg.co.uk,living/east indies living/,
632,https://hanchicsfurniture.co.uk/products/stag-f-b-sideboard,hanchicsfurniture.co.uk,stag f b sideboard,
633,http://imaginexfurniture.uk/collections/sarah/products/sarah-grey-birch-italian-coffee-table,imaginexfurniture.uk,sarah grey birch italian coffee table,collections/sarah/
634,https://limesinteriors.co.uk/collections/popular-items/products/abree-lamp,limesinteriors.co.uk,abree lamp,collections/popular items/
635,http://m-edition.co.uk/products/ch103-sofa,m-edition.co.uk,ch103 sofa,
636,http://macquillanhome.co.uk/products/dressing-table-and-mirror-mqfn187.html,macquillanhome.co.uk,dressing table and mirror mqfn187.html,
637,https://www.nabisottomanfurniture.co.uk/products/chesterfield-diamante-bed-frame,www.nabisottomanfurniture.co.uk,chesterfield diamante bed frame,
638,https://paulcaseboutique.co.uk/products/spyder-dining-chair,paulcaseboutique.co.uk,spyder dining chair,
639,https://www.poppiesfurnituredirect.co.uk/apps/webstore/products/show/5373703,www.poppiesfurnituredirect.co.uk,show/5373703,apps/webstore/
640,https://www.reckageathome.co.uk/products/re014,www.reckageathome.co.uk,re014,
641,https://rotherwoodfurniture.com/products/silverton-135cm-bedstead,rotherwoodfurniture.com,silverton 135cm bedstead,
642,https://www.search4furniture.com/products/ritz-bed,www.search4furniture.com,ritz bed,
643,https://shop4sofas.co.uk/products/rye,shop4sofas.co.uk,rye,
644,https://www.simplyhomeinteriors.co.uk/products/wiemann-luxor,www.simplyhomeinteriors.co.uk,wiemann luxor,
645,http://www.sjdfurniture.co.uk/products/,www.sjdfurniture.co.uk,,
646,https://thedorsetfurniturecompany.co.uk/products/arctic-white-high-gloss-150cm-shelf,thedorsetfurniturecompany.co.uk,arctic white high gloss 150cm shelf,
647,http://thefurnitureshopblackhall.co.uk/products/,thefurnitureshopblackhall.co.uk,,
648,https://www.tobychairs.com/products/toby-table-oak,www.tobychairs.com,toby table oak,
649,https://www.littletulip.com/products/set-200-marble-6,www.littletulip.com,set 200 marble 6,
650,https://uniquehomefurnishing.co.uk/products/hzh330,uniquehomefurnishing.co.uk,hzh330,
651,https://urbansize.co.uk/products/hallway-tidy,urbansize.co.uk,hallway tidy,
652,https://www.modernfurnituredeals.co.uk/products/ovo,www.modernfurnituredeals.co.uk,ovo,
653,https://www.abowed.co.uk/products/oak-four-poster-bed,www.abowed.co.uk,oak four poster bed,
654,https://www.peterboroughreclinercentre.co.uk/products/reno-chair-with-footstool,www.peterboroughreclinercentre.co.uk,reno chair with footstool,
655,https://outletbarn.co.uk/collections/corner-sofas/products/ellena-recliner-corner-group-brown-only-limited-stock,outletbarn.co.uk,ellena recliner corner group brown only limited stock,collections/corner sofas/
656,https://www.oaktreeupholstery.co.uk/products/double-headboard-b-fabric,www.oaktreeupholstery.co.uk,double headboard b fabric,
657,https://www.rightprice.co.uk/collections/all/products/alexis,www.rightprice.co.uk,alexis,collections/all/
658,https://www.sheridaninteriors.co.uk/products/celine-fabric-bed,www.sheridaninteriors.co.uk,celine fabric bed,
659,https://www.chattelsfurniture.co.uk/products/bedside-table-two-drawers,www.chattelsfurniture.co.uk,bedside table two drawers,
660,https://www.maisonandgarden.co.uk/products/28cm-solar-ball,www.maisonandgarden.co.uk,28cm solar ball,
661,https://igigishop.co.uk/products/cotton-rug,igigishop.co.uk,cotton rug,
662,https://divine-interiors.co.uk/products/sofa-deposit,divine-interiors.co.uk,sofa deposit,
663,https://shackletonsretail.co.uk/products/,shackletonsretail.co.uk,,
664,https://auburnfox.co.uk/products/iron-and-leather-adjustable-stool,auburnfox.co.uk,iron and leather adjustable stool,
665,https://www.decoframe.co.uk/products/,www.decoframe.co.uk,,
666,https://snugathome.co.uk/products/eiffel-dining-chair,snugathome.co.uk,eiffel dining chair,
667,https://ashtonandcoleman.co.uk/products/tables/lamp-table,ashtonandcoleman.co.uk,tables/lamp table,
668,https://rusticland.co.uk/products/industrial-2x-handmade-x-dining-table-bench-frame-steel-large-table-pedestal-legs,rusticland.co.uk,industrial 2x handmade x dining table bench frame steel large table pedestal legs,
669,https://www.quaysideinteriors.co.uk/products/alexandra-bed-king,www.quaysideinteriors.co.uk,alexandra bed king,
670,https://alidasa.co.uk/products/terra-6-3-drawer-pine-white,alidasa.co.uk,terra 6 3 drawer pine white,
671,https://www.lovettandjudge.co.uk/products/worker-bee-picture,www.lovettandjudge.co.uk,worker bee picture,
672,https://www.toplinestore.co.uk/products/valawhi/products/valawhi&title=Vala%20High%20Gloss%20Coffee%20Tabl...&source=http://www.toplinestore.co.uk/products/valawhi,www.toplinestore.co.uk,valawhi valawhi Vala 20High 20Gloss 20Coffee 20Tabl, 
673,https://chelseafurnishings.co.uk/products/ashton-range,chelseafurnishings.co.uk,ashton range,
674,https://windsorbedding.co.uk/products/,windsorbedding.co.uk,,
675,https://www.arfurnishings.co.uk/products/kyoto-quilted-knockerback-chair,www.arfurnishings.co.uk,kyoto quilted knockerback chair,
676,https://www.dezilux.co.uk/products/aliya-french-style-console-table,www.dezilux.co.uk,aliya french style console table,
677,https://www.harperandfaith.co.uk/products/jupiter-bed,www.harperandfaith.co.uk,jupiter bed,
678,https://elegancehomefurniture.co.uk/products/dylan-crushed-velvet-swivel-cuddle-chair,elegancehomefurniture.co.uk,dylan crushed velvet swivel cuddle chair,
679,https://www.homeaffections.co.uk/products/wide-display-cabinet-540005-bonoca,www.homeaffections.co.uk,wide display cabinet 540005 bonoca,
680,https://hemmingandwills.co.uk/products/arne-desk,hemmingandwills.co.uk,arne desk,
681,https://jopa-interiors.co.uk/products/black-weave-cushion-with-tag,jopa-interiors.co.uk,black weave cushion with tag,
682,https://airfurniture.co.uk/products/zues-pu-storage-bed,airfurniture.co.uk,zues pu storage bed,
683,https://derwenthouseliving.co.uk/products/,derwenthouseliving.co.uk,,
684,https://www.furlon.co.uk/products/194,www.furlon.co.uk,194,
685,https://rustic-furniture.co.uk/products/curved-open-bedside,rustic-furniture.co.uk,curved open bedside,
686,https://www.skhomedecor.co.uk/products/page/2/,www.skhomedecor.co.uk,page/2/,
687,https://www.onlydiningchairs.com.au/products/wooden-velvet-retro-grey-dining-chair,www.onlydiningchairs.com.au,wooden velvet retro grey dining chair,
688,https://www.myharmony.hk/products/woody-slab-table,www.myharmony.hk,woody slab table,
689,https://afg.us.com/products/ashley-baraga-h410-24,afg.us.com,ashley baraga h410 24,
690,https://www.collectioni.com/products/noahs-ark-lounge-swivel-chair,www.collectioni.com,noahs ark lounge swivel chair,
691,https://noho.co/products/noho-move-chair-topper,noho.co,noho move chair topper,
692,https://odafurniture.com/products/,odafurniture.com,,
693,https://savannahspace.com/products/bo-woven-rug,savannahspace.com,bo woven rug,
694,https://squarehome.com/products/,squarehome.com,,
695,https://www.sundays-company.com/collections/new-arrivals/products/sink-in-sofa-ecru,www.sundays-company.com,sink in sofa ecru,collections/new arrivals/
696,https://thebeachfurniture.com.au/products/gift-card,thebeachfurniture.com.au,gift card,
697,https://thedesigndepot.co.nz/products/,thedesigndepot.co.nz,,
698,https://superdealfurnituregallery.com/products/tristan-5-piece-kitchen-set,superdealfurnituregallery.com,tristan 5 piece kitchen set,
699,https://signaturefinefurniture.ca/products/jacobson-bed,signaturefinefurniture.ca,jacobson bed,
700,http://aonefurniture.in/userdata/products/no%20value,aonefurniture.in,no 20value,userdata/
701,https://furnituremama.com/products/three-door-wardrobe-mirror-2,furnituremama.com,three door wardrobe mirror 2,
702,https://gfurniture.ca/products/,gfurniture.ca,,
703,https://www.mwfurnitureoutlet.com/products/dresser,www.mwfurnitureoutlet.com,dresser,
